{"episode": [0, 1, 2, 3, 4, 5, 6, 7, 8, 9, 10, 11, 12, 13, 14, 15, 16, 17, 18, 19, 20, 21, 22, 23, 24, 25, 26, 27, 28, 29, 30, 31, 32, 33, 34, 35, 36, 37, 38, 39, 40, 41, 42, 43, 44, 45, 46, 47, 48, 49], "total_reward": [-15.86480000000001, -14.001099999999987, -38.307, -36.1331, -22.089600000000004, -16.9957, -41.344, -16.7374, -35.128499999999995, -42.4367, -20.985, -46.846199999999996, -43.688, -14.73660000000001, -40.7736, -33.47709999999999, -7.286100000000012, 7.641699999999993, 48.17140000000002, 38.26549999999999, -14.694900000000011, 33.34679999999999, -3.1266999999999996, -0.9513000000000318, 28.036699999999982, -6.131799999999998, -5.645600000000002, 44.91369999999996, 4.2819000000000145, 25.577799999999996, 8.301699999999947, 141.06969999999995, -0.49749999999999517, -5.182600000000008, 19.783299999999997, 10.46739999999999, 24.957100000000025, -2.903899999999986, 38.13480000000003, -6.60840000000001, -7.127800000000008, 80.86649999999997, 26.924000000000007, -4.324000000000005, 79.23729999999999, 98.4992, -6.431800000000003, 92.9817, 8.40259999999995, -6.6636000000000095], "average_loss": [3.3681167885661125, 45.3569464941523, 774.7219888438349, 5102.732850294847, 24300.22468998747, 107410.15479303176, 350295.8745404412, 1396118.0259615385, 6102690.767241379, 14084244.433333334, 52206712.70535714, 128757128.57142857, 193983611.07692307, 569706890.5454545, 1875158976.0, 2756842680.0, 11522934392.098766, 86506096160.88074, 1504851470622.0334, 21452448201172.82, 87123307852016.94, 303002921576846.94, 992438614639304.4, 2215408069776782.8, 6352704884441088.0, 1.4838717325450012e+16, 2.6271363477036864e+16, 6.7596068246821624e+16, 1.660564620906752e+17, 3.279891004527308e+17, 6.524877008640961e+17, 1.4068607019100946e+18, 2.6573726692084285e+18, 4.027822497616894e+18, 6.609418927400711e+18, 1.1007562139064291e+19, 1.6537139096128651e+19, 1.848144572394615e+19, 1.9020998093086605e+19, 2.043058162062218e+19, 1.9888645728668357e+19, 2.065775891041788e+19, 2.4049986485933085e+19, 2.393904259370855e+19, 2.4263514116901196e+19, 2.3672300249737232e+19, 2.3781254232738267e+19, 2.3922899198726033e+19, 2.389290964060567e+19, 2.3409264121025933e+19], "epsilon": [0.9925187343750002, 0.8392731030692047, 0.7923190635424889, 0.742395992204543, 0.6501589565075673, 0.556697947313353, 0.5335056143128392, 0.45339609714201307, 0.4216499020551913, 0.4061117631684376, 0.3529947231524199, 0.3468634534925639, 0.3357579467859134, 0.2846282405033194, 0.2720885502106852, 0.2511442307450783, 0.2050541008513503, 0.15608998332457932, 0.09972060724077215, 0.0658153261806052, 0.055514257355778814, 0.03775650668900871, 0.02999017546112389, 0.023643127309321797, 0.016160931269940403, 0.013063611421209712, 0.01053350798060648, 0.009994107583211972, 0.009994107583211972, 0.009994107583211972, 0.009994107583211972, 0.009994107583211972, 0.009994107583211972, 0.009994107583211972, 0.009994107583211972, 0.009994107583211972, 0.009994107583211972, 0.009994107583211972, 0.009994107583211972, 0.009994107583211972, 0.009994107583211972, 0.009994107583211972, 0.009994107583211972, 0.009994107583211972, 0.009994107583211972, 0.009994107583211972, 0.009994107583211972, 0.009994107583211972, 0.009994107583211972, 0.009994107583211972]}