{"episode": [0, 1, 2, 3, 4, 5, 6, 7, 8, 9, 10, 11, 12, 13, 14, 15, 16, 17, 18, 19, 20, 21, 22, 23, 24, 25, 26, 27, 28, 29, 30, 31, 32, 33, 34, 35, 36, 37, 38, 39, 40, 41, 42, 43, 44, 45, 46, 47, 48, 49, 50, 51, 52, 53, 54, 55, 56, 57, 58, 59, 60, 61, 62, 63, 64, 65, 66, 67, 68, 69, 70, 71, 72, 73, 74, 75, 76, 77, 78, 79, 80, 81, 82, 83, 84, 85, 86, 87, 88, 89, 90, 91, 92, 93, 94, 95, 96, 97, 98, 99, 100, 101, 102, 103, 104, 105, 106, 107, 108, 109, 110, 111, 112, 113, 114, 115, 116, 117, 118, 119, 120, 121, 122, 123, 124, 125, 126, 127, 128, 129, 130, 131, 132, 133, 134, 135, 136, 137, 138, 139, 140, 141, 142, 143, 144, 145, 146, 147, 148, 149, 150, 151, 152, 153, 154, 155, 156, 157, 158, 159, 160, 161, 162, 163, 164, 165, 166, 167, 168, 169, 170, 171, 172, 173, 174, 175, 176, 177, 178, 179, 180, 181, 182, 183, 184, 185, 186, 187, 188, 189, 190, 191, 192, 193, 194, 195, 196, 197, 198, 199], "total_reward": [-117.09100000000001, -94.019, -94.963, -133.316, -59.646, 21.85000000000005, -25.942999999999984, -72.608, -13.730999999999938, -1.1190000000002271, -77.42099999999998, -17.665999999999883, -60.08800000000005, -76.169, -82.11600000000001, -44.159000000000034, -42.32100000000017, -59.00800000000001, -65.48, -32.928000000000054, -39.42400000000002, 9.01099999999991, -28.310000000000045, -30.46100000000007, -36.835000000000036, -31.198000000000036, -34.87000000000006, -38.02000000000004, -33.87000000000009, -36.67900000000003, -35.58100000000002, -28.98500000000007, -17.828000000000117, -34.39400000000006, -40.643, -30.660000000000053, -33.01300000000006, -32.97200000000004, -35.80800000000002, -33.995000000000005, -33.956000000000046, -35.10200000000003, -34.472000000000065, -60.35000000000004, -46.76599999999999, -32.18300000000005, -33.698000000000036, -33.82400000000004, -91.23299999999999, -27.738000000000085, -23.381000000000085, -32.79300000000006, -29.69300000000007, -52.70900000000002, -23.37400000000011, -26.141000000000062, -34.91100000000003, -34.184000000000026, -58.28200000000004, -48.65000000000005, -80.34599999999998, -29.73900000000009, -43.37400000000008, -26.772000000000034, -28.96400000000004, 32.9079999999999, -81.17500000000001, -33.46500000000006, -33.13900000000007, -41.20500000000003, -34.023000000000025, -32.64000000000004, -26.66200000000005, -31.70300000000003, -34.96600000000001, -23.83200000000008, -50.71600000000002, -27.47100000000006, -80.286, -54.52000000000001, -29.135000000000076, -27.052000000000092, -28.87300000000006, -35.920000000000044, -24.638000000000048, -26.711000000000055, -32.96800000000002, -24.436000000000064, -31.20700000000008, -30.823000000000064, -31.84800000000004, -34.427000000000106, -33.587000000000074, -24.164000000000044, -28.59100000000005, -41.07300000000005, -32.117000000000075, -30.134000000000043, -34.06400000000002, -49.136999999999986, -67.097, -19.306000000000097, -27.093000000000046, -26.286000000000072, -32.238000000000056, -35.938000000000045, -34.76000000000005, -35.71600000000004, -24.564000000000064, -24.659000000000063, -36.09100000000004, -32.99200000000005, -40.25600000000004, -29.664000000000073, -25.20600000000009, -30.361000000000075, -33.41900000000007, 225.17199999999997, -33.66200000000006, -66.771, -39.39700000000005, -32.390000000000015, -28.488000000000042, -69.96899999999998, -28.06500000000007, -27.942000000000093, -51.33900000000004, -88.65499999999999, -28.878000000000057, -31.774000000000086, -28.707000000000065, -33.40800000000007, -45.20100000000005, -26.718000000000018, -23.426000000000045, -70.29499999999999, -30.11600000000007, -31.953000000000088, -31.56400000000005, -51.314000000000036, -24.535000000000053, -29.074000000000055, -39.10200000000006, -34.71100000000004, -31.14000000000007, -29.676000000000073, -37.52500000000009, -35.16700000000003, -39.45800000000003, -23.170000000000087, -32.94300000000004, -34.21300000000005, -34.80400000000003, -28.735000000000014, -37.678000000000054, -34.230000000000075, 26.689000000000135, -36.13600000000005, -50.175, -42.365000000000094, -44.519000000000005, -29.653000000000077, -30.80800000000005, -27.56900000000006, -22.682000000000016, -25.779000000000067, -33.78700000000009, -29.98300000000009, -56.769000000000034, -75.75900000000003, -35.33000000000004, -32.26800000000006, -30.688000000000045, -26.568000000000055, -32.83300000000004, -42.44000000000001, -35.874000000000024, -85.71199999999999, -33.48500000000007, -31.552000000000078, -23.085000000000036, -39.77400000000004, 1.5340000000000202, -35.87100000000004, -83.846, -26.610000000000056, -27.068000000000055, -82.29399999999998, 46.20300000000012, -26.369000000000057, -30.25700000000009, -41.13800000000002, -73.19, -31.505000000000052, -31.998000000000076, -84.681, -34.90900000000005, -38.46300000000005, -12.939000000000107, -35.95900000000003],